customerName,email,phone1,phone3
100,100,100,100
Mercedes Saunders,suscipit@anteVivamusnon.edu,7801072129,7701809813
Whoopi Brewer,lobortis.ultrices@dolorquamelementum.ca,7702295403,7704769106
Shelley Parrish,eu.ultrices@antelectusconvallis.ca,7706396853,7801362209
Hunter Bradshaw,Curae.Donec.tincidunt@dictum.ca,7704478440,7804702846
Nicholas O. Carr,egestas.hendrerit.neque@Curae.com,7803108458,7809295965
Chaney Nguyen,elit.erat@enim.edu,7705054715,7701453091
Derek Roach,tempus@vitae.com,7803055045,7707627792
Ian Page,Donec.porttitor@Vestibulumaccumsanneque.ca,7702883878,7805526117
Amethyst Salinas,nascetur.ridiculus.mus@eget.net,7807227813,7702890177
Farrah D. Cabrera,metus@sed.ca,7702213941,7805896731
Driscoll Hickman,pede.Nunc.sed@sitametrisus.org,7707104184,7706644854
Glenna P. Hudson,varius.et.euismod@ac.co.uk,7806695928,7702897662
Joseph A. Garrison,vitae.orci.Phasellus@aliquet.edu,7709764150,7702443005
Kaseem Barron,risus.a.ultricies@quistristiqueac.ca,7707989897,7808736260
Pearl Morrison,Donec.feugiat@adipiscingenim.co.uk,7700326798,7705502189
Amelia Love,mauris@vitaedolor.com,7809441001,7700048881
Alec S. Lyons,tortor@variusultricesmauris.net,7800195524,7800015039
Leo Phelps,imperdiet@sed.com,7808728448,7806221765
Galena Mckee,dolor.egestas.rhoncus@orcilobortisaugue.org,7701782845,7703862793
Gemma E. Carson,convallis@gravida.ca,7802436070,7704657808
Uta L. Hubbard,sed@dolordolortempus.co.uk,7700894496,7709503827
Magee Nixon,Curabitur.dictum@miloremvehicula.edu,7702504381,7702792162
Kelly Dickerson,euismod.enim.Etiam@ornareFuscemollis.edu,7808621002,7805663679
Carolyn Britt,erat.Vivamus.nisi@pharetrased.edu,7801315137,7702278591
Eagan O. Sawyer,egestas@acmattis.org,7809102789,7706127800
Lucy J. Stanton,mauris@liberomaurisaliquam.com,7705089295,7707038459
Clinton E. Griffin,libero@sedliberoProin.org,7705486641,7704593910
Tarik Rojas,augue.ac.ipsum@atortorNunc.net,7708941650,7702620306
Gregory B. Franks,ultrices@scelerisqueduiSuspendisse.ca,7809747953,7703167198
Oleg M. Olsen,hendrerit@enimmi.org,7805238429,7805238071
Brynn Pitts,aliquam@enim.com,7809972941,7803695425
Xavier P. Mullins,non.lobortis.quis@aodio.com,7809861552,7700393432
Ray Morin,felis.adipiscing@mattissemper.org,7706364382,7705559448
Oliver Parsons,mauris.a.nunc@facilisisvitaeorci.net,7808493830,7807633796
Ignacia U. Oneal,lobortis@elit.org,7703212825,7808737890
Wallace J. Cabrera,lorem.ipsum@Morbi.edu,7809206159,7801818387
Fletcher Garrett,pede@Proinnislsem.co.uk,7705393207,7704889452
Kaye U. Strickland,adipiscing.lobortis@Curae.edu,7804772876,7808194354
Dana Y. Brown,fermentum.vel.mauris@lobortis.com,7800844250,7802409294
Upton Munoz,Sed.et.libero@Mauris.org,7809534133,7800374697
Lenore Sherman,ut.aliquam.iaculis@gravidamauris.com,7704585339,7806399727
Martena Randolph,volutpat.ornare.facilisis@ametluctus.co.uk,7700270329,7701674390
Clare Lopez,Nunc.ac@nullavulputatedui.ca,7808065015,7800516821
Ruth Y. Salas,sit.amet@felispurusac.ca,7709174532,7700738679
Colt G. Sheppard,bibendum.ullamcorper@bibendum.ca,7809490585,7700912740
Celeste Petersen,Donec@vitaeorci.ca,7807456372,7804300907
Robert I. Benson,convallis.est.vitae@montesnascetur.co.uk,7805642641,7802708894
Sean Clark,eget.metus.In@loremsitamet.net,7802647875,7705005312
Alden U. Cummings,dolor.sit@Phasellusvitae.co.uk,7709384451,7709840541
Tatum Flynn,Donec.elementum@diamluctuslobortis.co.uk,7805162371,7804419167
Randall Wolfe,mattis.Integer.eu@vitae.net,7803678324,7800261508
Eleanor P. Russo,gravida.molestie.arcu@Duis.net,7804789024,7801237069
Pandora B. Hanson,eu.eleifend.nec@tempus.org,7809016364,7705071250
Mara Farrell,Cum.sociis@massalobortis.com,7800229607,7809994033
Odessa Keith,quis.accumsan.convallis@eget.com,7702597920,7800222771
Stephanie Q. Sosa,luctus.lobortis@loremegetmollis.co.uk,7804047517,7808725967
Colorado Q. Bonner,ac@arcu.ca,7807863617,7709738425
Dominic Freeman,Nunc@eleifend.edu,7705409887,7808679572
Erasmus Kirkland,dignissim.tempor.arcu@semPellentesque.ca,7706726752,7704432544
Gemma King,euismod.ac.fermentum@liberoDonecconsectetuer.org,7800008668,7703307643
Scott Schmidt,purus@nibhvulputatemauris.co.uk,7702245645,7800377947
Jordan B. Waller,urna@ante.com,7800325334,7703134955
Cora Snow,vitae.semper@vitaenibh.org,7704713983,7707465742
Garrison D. Stokes,tincidunt.congue@risusodio.org,7705424727,7703480146
Nathaniel Miller,in.consequat.enim@dictumeu.edu,7801424665,7701768237
Odysseus U. Neal,Mauris.ut@velitPellentesque.net,7709812938,7706440288
Fleur F. Drake,Morbi.accumsan@fringillapurusmauris.net,7708592308,7808458297
Kylie C. Charles,Aenean@id.co.uk,7705569448,7803708203
Forrest Beach,pede@vestibulum.com,7706491628,7707028719
Blythe Figueroa,quam.quis.diam@Sedmalesuadaaugue.ca,7704330251,7806881635
Olga V. Bernard,fermentum.risus@estNunc.org,7801120368,7705847426
Cynthia Hewitt,nibh@estNunclaoreet.com,7800435228,7809123143
Fuller Huber,consectetuer.adipiscing@justoProinnon.net,7707973933,7708358368
Rhona Benson,Ut.semper.pretium@quam.net,7708565994,7801844515
Malcolm M. Brooks,Cras.lorem.lorem@Utsagittislobortis.com,7701507646,7703099783
Galvin U. Gates,tellus.Nunc@nullaDonec.org,7707737199,7808616823
Avram Dodson,ut.dolor.dapibus@sodaleselit.edu,7700627896,7801328482
Kiona Hayes,orci@odioapurus.com,7809896116,7807962812
Andrew Erickson,Aliquam.erat@a.com,7705362397,7801003109
Kirk C. Rhodes,parturient@vel.net,7805218381,7707200662
Aretha E. Slater,purus.accumsan.interdum@laciniaorci.co.uk,7704241419,7801988597
Althea C. Bernard,mus@nonummyut.net,7703315302,7707180235
Mara Scott,interdum.libero.dui@nonbibendum.org,7705930151,7809930902
Slade Watkins,ornare.egestas@ante.co.uk,7804312684,7802146614
Mara C. Newton,aliquet.vel.vulputate@loremipsumsodales.edu,7804371773,7709052454
Hoyt S. Keller,tincidunt.pede@nonummyipsumnon.edu,7702267215,7709897915
Meghan Porter,blandit@elementum.net,7701386470,7803285849
Jesse Mcconnell,enim.mi.tempor@Quisque.co.uk,7703312923,7809330528
Randall Mack,quam.dignissim@nascetur.co.uk,7809274339,7800350883
Kiona Grimes,lectus@adipiscingMauris.edu,7702374947,7804880170
Blake Bruce,Duis@Curabiturconsequat.com,7801697794,7802981437
Jamal Harvey,vulputate.mauris@Crasdolor.ca,7706841064,7804219577
Blaze Rhodes,elit.dictum.eu@quispede.co.uk,7803946986,7701388920
Stella Avila,viverra@adui.edu,7706747492,7708137563
Alice Sherman,pede@Vivamusnibhdolor.co.uk,7808865727,7703017561
Paloma K. Bernard,faucibus.ut.nulla@eleifendvitae.co.uk,7708373550,7805870260
Anika Douglas,egestas.urna@quama.edu,7701557013,7700392293
Lareina M. Vinson,tellus@miacmattis.com,7801390133,7709007429
Lester Shaw,a.ultricies.adipiscing@NullafacilisiSed.ca,7804162443,7805898661
Tanner N. Travis,enim@elementum.ca,7700253912,7707499406
Ishmael O. Allison,lobortis@orci.com,7701291391,7700920474
Xander Miles,a@consequat.org,7803258117,7708017324
Heather E. Lamb,Donec.at@Phaselluselit.edu,7701330360,7702161451
Edward I. Mccoy,mattis.velit@maurissapien.org,7701953433,7703315561
Cain Y. Fletcher,felis.Donec@diamvel.com,7705545459,7708333536
Dacey Livingston,tortor.at@imperdietornare.org,7709534940,7808605779
Gloria Y. Ford,Morbi.metus@semsemper.edu,7801926105,7704372554
Lane Bailey,accumsan@libero.org,7807602145,7708161787
Oscar J. Bryant,Duis.risus.odio@tempuslorem.co.uk,7805022718,7702530740
Fuller Calhoun,ultricies@primisin.co.uk,7809918714,7802668476
Chloe Flores,odio.semper@elitNulla.net,7807115227,7804741369
Lev Fitzgerald,hymenaeos.Mauris.ut@acmattis.net,7705147042,7707462995
Len N. Rivera,montes.nascetur@Maurisblandit.edu,7702921577,7702086951
Branden Lopez,convallis.ante.lectus@egetnisi.net,7709527518,7700282714
Clare Bray,velit.Quisque@risusDuisa.org,7700713542,7707678056
Aladdin Valencia,aliquam.eros@pede.net,7700281496,7803877382
Faith H. Mccormick,sapien.imperdiet.ornare@etnuncQuisque.ca,7709919039,7802592133
Renee P. Coleman,ante@dolorNullasemper.com,7706770195,7709767881
Zenaida Dunlap,Integer@feugiat.co.uk,7805934262,7807440330
Quinlan J. Molana,facilisis.magna.tellus@libero.co.uk,7707469871,7803567483
Oscar T. Franklin,risus.Donec@Aliquam.net,7709393102,7800621079
Justina Bell,aliquet.diam@ornareIn.net,7708853453,7706818211
Berk Sparks,Nulla.tempor.augue@atvelitCras.org,7804051705,7808125996
Damon L. Stevenson,et.euismod@Nullam.co.uk,7804385298,7802387933
Leonard Morris,id@variusultricesmauris.edu,7807201417,7809783214
Jorden Miranda,euismod.mauris@Uttincidunt.org,7705854673,7802812218
Ferris W. Morrison,orci.quis.lectus@egestas.edu,7808786325,7705727667
Nelle Y. Tanner,ac.mattis.ornare@cubilia.co.uk,7805404531,7708627324
Theodore C. Slater,tincidunt.pede.ac@a.edu,7701429510,7807254023
Latifah L. Mueller,lorem.sit@egetnisi.edu,7705243109,7801880176
Isadora S. Preston,Nam.ac.nulla@egetlacusMauris.org,7702150150,7803508107
Chadwick D. Vinson,eu.accumsan@sapien.edu,7704809586,7806562741
Ashton Santiago,non@musAenean.ca,7702974634,7809522748
Francis C. Mcfarland,malesuada@ametconsectetuer.co.uk,7803826674,7807441986
Hop Case,pede.Praesent.eu@Proinnon.net,7701529732,7804797732
Colby Turner,iaculis.lacus@non.net,7804953172,7809433399
Latifah L. Muellar,ornare.libero.at@ornareelitelit.edu,7708650267,7701747282
Griffith S. Colon,orci@Curabitur.com,7809714209,7804274013
Karen M. Oneil,posuere.at@nonbibendum.net,7805292084,7703203261
Bo W. Morse,eu.metus@etmagnisdis.edu,7804433230,7706044075
Harrison Roberson,dictum.mi@atfringilla.edu,7708312260,7700380897
Jaquelyn U. Powers,tellus.Suspendisse.sed@enimSednulla.net,7809821753,7701040463
Solomon Sanders,Vestibulum.accumsan@tellusimperdietnon.co.uk,7704732978,7801104994
Minerva Campos,et.pede.Nunc@vestibulumneque.org,7707451804,7802149972
Shelly Saunders,velit.Quisque@elementumloremut.ca,7805245086,7809203481
Charlotte P. Huffman,dolor.quam.elementum@amagnaLorem.net,7806480664,7801967142
Cullen Mcgee,nunc.interdum.feugiat@nullaanteiaculis.com,7706869679,7804024131
Cruz Jacobs,netus@mus.com,7800166418,7703937902
Yoshi Bell,ligula@scelerisque.edu,7702461743,7809404919
Maia X. Shaw,a@amet.net,7804373136,7809823058
Anthony Mccarty,Phasellus.dapibus.quam@vestibulummassarutrum.ca,7803149527,7701313029
Stephanie Mcmahon,eu@nec.net,7703384647,7800789065
Nayda Gay,vehicula@arcuVestibulumut.org,7703173845,7808172117
Mallory N. Grant,egestas.Aliquam@magna.edu,7808983978,7807483162
Brielle Brennan,adipiscing@posuereenim.co.uk,7809181845,7805550219
Halee Shelton,tincidunt@egestasDuis.com,7704922619,7809023234
Cadman C. Abbott,malesuada.fames.ac@sodalespurus.co.uk,7806698002,7708474839
Ebony Schmidt,rhoncus@accumsanneque.co.uk,7809212306,7701679314
Jeanette X. Tate,facilisis@cursusdiamat.net,7803692388,7806389274
Clinton Q. Nelson,aliquet@DonecegestasAliquam.com,7701829175,7707485841
Kimberley Ferrell,elit.a.feugiat@etpede.net,7702018214,7707832665
Octavia Estes,Class@felisadipiscing.co.uk,7804160420,7804510659
Isaac J. Gilbert,sed@amet.ca,7700654215,7709482642
Zeus Oconnor,morbi@etultricesposuere.ca,7700076340,7709784959
Lunea C. Stuart,gravida.non.sollicitudin@arcuacorci.com,7802833400,7706126793
Damon J. Morse,massa.Integer@Donec.net,7807517065,7802259395
Cruz J. Parrish,Sed.eget@ametfaucibusut.net,7700084088,7806238715
Alma Q. Moran,amet@odio.edu,7803387053,7802822514
Silas Bradshaw,Nullam.scelerisque.neque@magnaa.org,7707833901,7708572819
Timothy Alston,leo@dictum.edu,7807881798,7804881951
Jeremy O. Beasley,Quisque@convalliserateget.com,7705418079,7709699015
Carlos O. Woodard,mauris.ut.mi@In.co.uk,7704105247,7807714530
Sean Adkins,tristique.pellentesque@Sed.edu,7704541397,7702079064
Brady Vaughn,justo@vehiculaPellentesque.ca,7807711495,7700612587
Keaton R. Orr,eget@hendrerit.edu,7706013753,7706180982
Maris Mack,elementum@egettincidunt.co.uk,7806246499,7705950667
Hilel Mcclure,ac.ipsum@Praesenteudui.com,7702566668,7807639082
Halee V. Irwin,volutpat.ornare@quam.edu,7700140590,7809052561
Hamilton Y. Barry,posuere@feugiat.co.uk,7700436201,7808919879
Quon Mcfadden,consequat.lectus.sit@Duisac.co.uk,7701018315,7804991175
Harper Key,Aenean@Sedid.ca,7806292596,7804969157
Lance Huffman,arcu.Sed@adipiscing.org,7808122469,7704823104
Jamal V. Vang,sed@duiaugueeu.ca,7708112832,7704036348
Levi Figueroa,ac.ipsum.Phasellus@vel.net,7805654935,7701377895
Baxter H. Rush,tristique@Donectemporest.com,7707680610,7701531317
Jessamine X. Bartlett,est.tempor@tellus.co.uk,7706097327,7700268313
Melodie G. Bowman,Praesent.interdum@eleifendnunc.org,7700217919,7709901742
Jared A. Gamble,tempus@mifelis.co.uk,7807222949,7703151217
Hashim Mcmahon,consectetuer.cursus@laciniaatiaculis.edu,7708258302,7700655713
Baker Horne,ligula.Nullam@scelerisquenequesed.edu,7703251685,7805042242
Talon J. Brewer,aliquet.Phasellus.fermentum@nunc.com,7801461646,7706763887
Acton M. Morrison,posuere.at@NullafacilisiSed.edu,7701630232,7707280857
Michael D. Kane,Morbi@estac.net,7701046417,7705719326
Meghan P. Head,non.bibendum.sed@ut.edu,7809144103,7807015160
Regina O. Pope,elit@nec.org,7709640306,7707953884
Scott V. Odonnell,Duis.sit@auguemalesuada.org,7807291704,7806039884
Cameron Browning,lorem@maurisSuspendissealiquet.co.uk,7708574522,7705658491
Jaime G. Mcleod,Integer.eu@mollis.ca,7800228491,7805218906
Wing Michael,quam.a.felis@ultricies.org,7806108047,7803521538
Griffin Woodard,vulputate.lacus.Cras@sitamet.co.uk,7805959264,7803133916
Levi Drake,mi.Duis@acsemut.net,7808236064,7807533123
Tiger G. Dudley,enim.diam@Nuncsollicitudincommodo.edu,7808530903,7708874229
Harrison L. Gill,Cras.interdum.Nunc@sagittis.edu,7807420509,7807910208
Wyoming Rocha,Aliquam.nec@magnis.net,7707374027,7801502158
Darrel Terrell,varius.ultrices@fringillaornare.com,7808078807,7803073631
Declan H. Vance,elit.Nulla@Namconsequatdolor.org,7701111289,7700011982
Xavier C. Sparks,Duis.sit@Duiselementumdui.co.uk,7803063161,7804092836
Caldwell A. Moss,ac.libero@Morbiquis.net,7708880122,7809108549
Chaim C. Cole,molestie.tortor.nibh@malesuada.co.uk,7801605715,7701708060
Moana R. Terrell,facilisis.magna@ultriciessemmagna.net,7708985615,7809002587
Naomi Cash,Quisque.tincidunt@est.edu,7801792146,7709098718
George S. Chang,ullamcorper.viverra@elementumloremut.org,7806865535,7700675346
Harlan Chandler,mollis.dui.in@vulputatenisisem.co.uk,7808392896,7703475938
Raja Dickerson,amet.diam@fringilla.org,7701225680,7808071574
Yuli Britt,semper.tellus.id@loremsitamet.org,7802910253,7801813851
Jakeem A. Durham,quis.diam@CurabiturdictumPhasellus.net,7809705161,7709251624
Travis J. Walter,cursus.purus@erat.edu,7706323188,7802727837
Mollie J. Potts,aliquet.molestie@eueuismod.co.uk,7807296679,7809008651
Moana U. Levine,Quisque.imperdiet@amet.co.uk,7709338741,7700550080
Oleg Porter,Nunc@eu.ca,7700073149,7706947663
Howard S. Hale,eget@semNullainterdum.net,7707446190,7707136273
Briar E. Brennan,convallis@enimdiamvel.edu,7703099373,7709788591
Joan Y. Haley,feugiat.Lorem.ipsum@eueros.co.uk,7701474263,7808575167
Hayes Q. Whitley,nascetur.ridiculus.mus@DonectinciduntDonec.com,7705334640,7808086991
Vanna Hobbs,morbi@Uttincidunt.edu,7706880474,7709854278
Pascale J. Dunn,aliquet.molestie@ultriciesornare.co.uk,7803315158,7705270947
Delilah E. Daniel,mollis.Duis@imperdietullamcorper.co.uk,7800679979,7702172901
Wesley G. Hendrix,nulla.vulputate.dui@sodales.edu,7708472422,7705367196
Akeem E. Wolf,enim.commodo@nuncnulla.co.uk,7704411084,7805276121
Emery Bowman,enim.non@enim.com,7807574616,7803850788
Lana Holman,ultricies@temporeratneque.ca,7808296283,7805224903
Haley Winters,ipsum@lectusjusto.edu,7702313127,7801219389
Yoko S. Moss,torquent.per.conubia@Vestibulumanteipsum.edu,7805645827,7700989260
Otto Mcbride,vehicula.risus@Sednuncest.org,7805130464,7703504301
Kiona D. Dejesus,et@placerat.ca,7702533682,7701986660
Axel Hart,vitae.purus.gravida@lacusNulla.net,7801153217,7801791650
Althea Daugherty,quam@et.ca,7705965080,7801210568
Cynthia V. Sutton,tempor.augue.ac@egestasa.co.uk,7709969127,7708748805
Candice X. Middleton,ut.cursus.luctus@Donecest.co.uk,7802798913,7802683220
Nina Zimmerman,Nulla.eget@nullaDonecnon.co.uk,7800166166,7702008908
Dustin I. Mejia,tincidunt.neque@magna.edu,7807759636,7805376477
Azalia K. Hughes,nibh.sit.amet@dolor.co.uk,7705646111,7703510530
Judah Hahn,ultrices@acarcuNunc.edu,7700869328,7802740596
Tatum Hickman,laoreet@utpharetra.edu,7803154880,7808153634
Iola Rhodes,blandit.Nam.nulla@elitCurabitur.ca,7803648966,7704329808
Kennan Rocha,ridiculus.mus@venenatis.net,7802186059,7707761795
Ross U. Brennan,elit.pretium@Morbisit.edu,7704719955,7702553407
Byron Z. Cannon,Fusce.aliquam.enim@sollicitudinadipiscing.org,7806747381,7803345498
Rahim Davis,Maecenas.libero.est@ornareInfaucibus.edu,7706007060,7809219373
Alana Z. Glover,enim.Sed.nulla@sollicitudin.com,7709949551,7707247594
Demetria A. Richard,egestas.Sed.pharetra@velquamdignissim.ca,7800634616,7705120472
Melvin U. Wolfe,Vestibulum.ut@dignissim.co.uk,7804968346,7707596026
Igor F. Parrish,sit.amet.ornare@vulputate.ca,7708295317,7701460150
Hyacinth S. Foreman,Mauris.nulla.Integer@Fuscedolor.com,7703360791,7802957070
Kirby K. Zamora,eu.ultrices.sit@uterosnon.net,7701592046,7804612171
Bianca Harris,consequat.lectus.sit@Nuncsedorci.co.uk,7708713992,7808006985
Laura D. Klein,non.justo@orcisem.com,7700708622,7700404138
Indigo M. Fuller,neque.Sed@egestas.ca,7707804161,7702882841
Stephanie Q. Hayden,egestas@tacitisociosqu.net,7807065125,7700440553
Bruce L. Maldonado,sagittis@euismod.edu,7707922914,7802927861
Jane H. Mitchell,Cras.vulputate@aliquetliberoInteger.com,7700832732,7800855257
Hasad Hester,velit.Cras@fringillapurusmauris.org,7708049961,7708487308
Carlos N. Spence,Curabitur.egestas.nunc@Proin.co.uk,7807017209,7807333200
Kenneth H. Cotton,aliquet.Proin.velit@enimdiamvel.edu,7806441742,7702056224
Ifeoma N. Mendoza,mollis.Phasellus@velnislQuisque.edu,7702078078,7803854516
Nola X. Cline,in.molestie@necligula.edu,7700245211,7700458122
Danielle Erickson,interdum.Nunc@malesuadamalesuadaInteger.com,7800939408,7709032710
Roth Y. Strickland,magnis@Quisque.ca,7707279343,7707807304
Samuel O. Fletcher,amet.consectetuer@enimCurabiturmassa.com,7707335731,7701566883
Adria Y. Neal,Integer.aliquam.adipiscing@amet.org,7705550439,7702551281
Katelyn Whitfield,venenatis@ultricies.net,7701612327,7700972469
Mohammad V. Zimmerman,Donec@idsapienCras.org,7800214672,7809869197
Adam Mccall,non.sollicitudin@scelerisque.net,7700049336,7706656031
Summer Conrad,Suspendisse.dui.Fusce@ultriciesadipiscing.ca,7700184140,7702893375
Joel Battle,scelerisque@tellusidnunc.net,7709297542,7702500944
Rina Alford,vehicula.et@ipsum.com,7706242149,7800130260
Anastasia R. Maldonado,lobortis@pellentesqueegetdictum.org,7805898599,7700039691
Sebastian Pierce,Vivamus.sit.amet@lobortis.co.uk,7708191333,7800092050
Gareth Q. Harding,congue@Pellentesque.edu,7802261062,7807170479
Ruby Holland,lectus.quis@Quisque.co.uk,7708457319,7705423349
Regan Mack,quis.turpis.vitae@hymenaeosMauris.edu,7807315060,7803522413
Vincent Manning,leo@aliquet.com,7706388776,7700385588
Benjamin J. Cardenas,sit@Maecenasmifelis.com,7802309980,7709371311
Cain Mcpherson,a.arcu.Sed@Aenean.net,7704317574,7703962717
Jesse Harmon,Donec.tempor.est@neque.org,7809257874,7707958136
Alea K. Preston,Quisque.libero.lacus@fringillaeuismodenim.com,7708733024,7708191333
Blaine Delgado,Nunc.quis.arcu@Nullamvelit.com,7701831057,7803375787
Kirk G. Hunter,ultrices@euplacerateget.co.uk,7809128816,7708450487
Phyllis Schwartz,massa.non@dignissimtempor.com,7801537062,7800109754
Gemma Andrews,Duis.sit.amet@hendreritaarcu.co.uk,7806483491,7809169878
Kuame M. Hyde,Etiam.vestibulum.massa@necurnaet.ca,7700210839,7704673414
Wade S. Burton,ante.lectus@Integeraliquamadipiscing.ca,7809257601,7806173384
Raya Leonard,nascetur@estacmattis.org,7708158920,7700718054
Phelan I. Mckee,enim.nisl@congueelitsed.net,7702035625,7705007544
Leslie Burris,nunc.id@nislsemconsequat.ca,7705263939,7708079195
Mohammad Chan,a.aliquet@Suspendissealiquetsem.com,7701350495,7806283250
Donna D. Roman,dictum@idmagna.co.uk,7705675679,7707094231
Nero I. Mcclure,non.bibendum@ametrisusDonec.org,7800520332,7806182431
Ginger Jones,In.scelerisque.scelerisque@Fuscedolor.com,7708191333,7707150781
Edan Palmer,eu@dictummagna.org,7804708074,7809176839
Jasper Hancock,ligula.tortor.dictum@urnaconvallis.edu,7707523633,7705645918
Julian Hines,leo.Morbi@nibhAliquamornare.co.uk,7807887935,7703193401
Baxter V. James,purus.ac@sagittis.edu,7806437727,7808456949
Florence Meyer,nibh.vulputate.mauris@elitAliquamauctor.com,7803246505,7701424933
Regan Bean,congue.In.scelerisque@accumsansed.co.uk,7707464075,7800153479
Michael R. Santiago,penatibus@consectetuereuismodest.edu,7806592118,7802445022
Kato Wiley,scelerisque.neque@Nullaegetmetus.ca,7703380373,7801232665
Keelie H. Strickland,sagittis.Duis.gravida@venenatisvelfaucibus.edu,7808696354,7708874671
Alvin F. Benson,Vivamus@amet.com,7808325100,7809689515
Roary I. Shaw,tellus@magnanecquam.com,7700556013,7807447351
Emma M. Rivera,Curabitur.vel.lectus@bibendum.net,7700654728,7808180387
Herman Graham,sed.tortor.Integer@habitantmorbitristique.org,7701453659,7706385701
Dorian W. Serrano,nonummy.Fusce.fermentum@Nunclectus.ca,7700244800,7800606007
Yoshi Q. Charles,volutpat.ornare.facilisis@nectellus.org,7806731258,7802615459
Cara F. Mendoza,feugiat.placerat@lectus.edu,7801353487,7700600745
William Chavez,lobortis@utaliquamiaculis.org,7700300707,7707497253
Germane Grant,malesuada.augue@orciPhasellus.edu,7808814958,7704788232
Venus G. Conway,ipsum@netus.com,7809155879,7700173730
Helen Riley,eget.varius.ultrices@dui.ca,7806435588,7807002582
Allistair F. Harding,lectus@sodales.net,7708191333,7800092050
Chloe I. Head,nec.orci.Donec@bibendumDonecfelis.ca,7807714524,7806924636
Garrett Lopez,tempor@morbitristiquesenectus.edu,7706854917,7703389202
Ali Holden,Nullam@nonummyac.com,7708107537,7800109055
Sean W. Guerrero,ullamcorper@magna.com,7703137256,7801220501
Ora Barton,Duis@ultricies.ca,7708334984,7806325480
Mollie Martinez,ullamcorper@interdum.edu,7700304081,7805108556
Robert M. Oliver,laoreet.posuere.enim@tinciduntcongue.com,7709297695,7801919552
Tobias F. Rollins,Donec@aliquam.co.uk,7809313324,7703733120
Blossom Willis,Pellentesque.tincidunt.tempus@at.edu,7705872104,7702953900
Adrienne M. Poole,vitae@purusin.org,7804236306,7701357629
Philip A. Mays,dolor@Fusce.co.uk,7706737395,7700579898
Shea English,magna@iaculisenim.net,7702495468,7703627240
Ryder U. Hicks,ut@fermentummetus.ca,7704506912,7800947348
Nadine B. Park,sed.facilisis.vitae@eratsemper.co.uk,7707194304,7801048749
Uma H. Huffman,nonummy.ac.feugiat@Quisqueornaretortor.net,7807280870,7707464467
Risa E. Wynn,Suspendisse.commodo.tincidunt@nullaatsem.co.uk,7706784588,7707940751
Reagan P. Navarro,Aliquam.ornare@nunc.com,7701952455,7805659039
Talon F. Shields,purus.Maecenas@Etiamgravida.ca,7702920248,7803597917
Alexis Hughes,dictum.Proin.eget@habitant.net,7706568728,7707447258
Kalia X. Reynolds,egestas.a.scelerisque@scelerisque.com,7805894833,7808289871
Kerry H. Bond,tempus.lorem.fringilla@sem.net,7709050958,7701990135
Phelan Y. Castillo,ipsum@idsapien.net,7708246208,7800692796
Alyssa Cochran,erat@euodioPhasellus.org,7709662460,7802071971
Christopher S. Bradley,ligula@sitamet.com,7704830672,7807922997
Shay Herring,ornare.placerat@luctusut.com,7808852453,7702808677
Basil Hobbs,Curae@ornare.co.uk,7708107202,7801888301
Vernon Q. Glass,ut@disparturient.ca,7809821425,7801845934
Quentin T. Arnold,diam.nunc@primisin.co.uk,7807736175,7800440169
Hamilton M. Mercer,consectetuer.rhoncus@aliquetlobortisnisi.org,7800485505,7805032390
Zane F. Keller,adipiscing.Mauris.molestie@tempuseu.org,7805061859,7803409503
Amal Mcleod,leo.in.lobortis@Curabitur.edu,7807722502,7809461953
Leo Velasquez,mattis.semper.dui@commodo.com,7805817680,7809756380
Blaine U. Horne,eu@anteiaculis.org,7700205642,7806872863
Rooney K. Lester,Sed.nec.metus@mattissemper.edu,7704265426,7709239366
Sebastian Pierce,Vivamus.sit.amet@lobortis.co.uk,7800624561,7809172394
Kiona Baldwin,ac@quam.ca,7708721445,7705190164
Kitra Henson,lacus@luctus.com,7802927229,7704859415
Riley N. Sanchez,Donec@enimMauris.edu,7709059900,7703501200
Moses Jenkins,laoreet@interdumenim.co.uk,7803942677,7803874756
Eleanor I. Goodwin,eget@ridiculusmusProin.net,7808512981,7702540045
Alan Q. Stark,dignissim@euismodacfermentum.co.uk,7808606633,7700239624
Akeem C. Finch,luctus@ultricesVivamusrhoncus.co.uk,7707603951,7801265608
Lionel Kim,lectus.Cum.sociis@sapienmolestie.ca,7702981848,7704041784
Alice Mccray,ullamcorper.magna@amet.com,7708558461,7801409701
Acton Oneil,metus@eleifendnunc.org,7708786095,7704563931
Hyatt U. Pearson,eleifend@erat.ca,7807260096,7706275411
Rama Q. Huff,Nunc.mauris@luctuslobortis.org,7701045573,7804179056
Iona D. Watkins,laoreet.libero@facilisis.com,7808901602,7704010200
Sawyer W. Newman,risus@urnajusto.com,7805957689,7701929401
Dieter Hayden,dis.parturient.montes@Namacnulla.net,7702932327,7801485035
Bruno Sweeney,ornare@enimEtiamgravida.ca,7800206505,7704240164
Rooney V. Bernard,eu@placerat.ca,7801185239,7702332355
Kenneth Kelley,imperdiet@sit.net,7704718932,7703671570
Eleanor Gallagher,Aliquam.vulputate.ullamcorper@Donec.co.uk,7804302516,7704681858
Howard Sullivan,eros.non@necante.co.uk,7707675556,7707343355
Dillon J. Porter,orci.adipiscing.non@Loremipsumdolor.edu,7708361169,7700664359
Briar Moreno,cursus.et.eros@Nullamenim.co.uk,7708191333,7800092050
Kane B. Potter,nec.ante@sollicitudin.net,7804973757,7803021383
Kelly Stafford,eget.ipsum.Suspendisse@aliquamarcuAliquam.net,7800617679,7701332944
Kato Bowen,non@ipsumprimis.com,7703716410,7803274683
Shaeleigh Simon,lectus.pede@liberoestcongue.edu,7808569572,7703281205
Kelly K. Abbott,morbi.tristique@sitametornare.org,7704657290,7708402011
Reagan Acevedo,faucibus.Morbi@purusmaurisa.com,7800129382,7803059257
Logan Lang,vitae@aenim.ca,7709701304,7702861186
Yoko Macdonald,Sed.pharetra.felis@sagittisplacerat.edu,7707266262,7704223917
Aimee Fry,nisi.nibh.lacinia@eueleifendnec.com,7803719370,7701768085
Carter S. Wooten,quis@variusorci.org,7805240733,7803733636
Galvin King,mauris@pedeCrasvulputate.ca,7807550308,7802437803
Chadwick L. Adams,erat.Sed.nunc@liberoInteger.net,7705957282,7804447248
Delilah Y. Mcmahon,euismod@mollisDuissit.com,7805749039,7701265700
Alexander Callahan,enim.condimentum@idanteNunc.ca,7707722001,7701444642
Ruth Kelley,est.Mauris.eu@orciPhasellusdapibus.co.uk,7808170085,7700982788
Leonard Anderson,facilisis.lorem@Phasellusdapibusquam.co.uk,7806698816,7802378352
Carly Slater,vel@nisiMauris.ca,7801050377,7709265230
Octavius Hartman,augue.eu.tempor@Morbisit.edu,7704158093,7809623048
Candice W. Fulton,lacinia@Sed.org,7706161699,7808212119
Jenette F. Shaffer,eleifend.non@inconsectetuer.co.uk,7708648208,7705587133
Deanna G. Bates,massa.Integer@mattisInteger.edu,7808042486,7706916047
Galena F. Poole,a.tortor@vestibulumnequesed.ca,7708191333,7800092050
Ezekiel Salinas,purus.Duis@infelis.co.uk,7806374486,7800953145
Charlotte Craft,fringilla.euismod.enim@metusInnec.com,7805801657,7801916960
Jacob Lyons,dictum@Sedegetlacus.co.uk,7708382937,7701747695
Dahlia Perry,pretium.aliquet@magna.ca,7803825376,7709969900
Carson H. Reilly,mauris@nonegestasa.ca,7803329551,7807004502
Brenden Wooten,ornare.Fusce@ullamcorpervelitin.net,7709186816,7701482088
Aaron Leonard,sociis.natoque@Proin.org,7706895233,7802279199
Giacomo F. Christian,arcu@risusat.net,7705090729,7803076487
Larissa C. Morse,sit.Duis@infelis.co.uk,7806104699,7709845042
Marshall K. Ashley,congue.turpis@elementumat.ca,7801154630,7708163043
Murphy Gill,porttitor@felis.ca,7808065599,7701410193
Deanna G. Bates,Duis@infelis.co.uk,7808771814,7803546021
Sebastian Pierce,Vivamus.sit.amet@lobortis.co.uk,7800224851,7707584589
Halee Q. Kelley,sodales.purus@Maecenas.org,7807898733,7800209143
Judah Welch,ac.risus.Morbi@Etiamimperdiet.ca,7800019217,7704256039
Blaine Estrada,et.nunc@ipsumcursusvestibulum.ca,7804302046,7808781271
Guinevere Carver,sed.facilisis.vitae@eu.edu,7700654332,7806134465
Hasad G. Emerson,non.bibendum.sed@magna.com,7801542671,7803341921
Uma U. Schultz,et.commodo.at@temporestac.org,7804715073,7800909918
Keegan Gregory,ipsum.dolor.sit@Nuncsedorci.com,7709223710,7807975678
Murphy B. Burris,lacus.pede@velfaucibusid.com,7707776974,7703191063
Yeo Savage,massa.Mauris@vitaeodio.ca,7801173563,7705492049
Sonia B. Beach,nunc.ullamcorper@semelitpharetra.org,7700653886,7809878526
Patricia Simon,Pellentesque.habitant.morbi@lacinia.net,7703266803,7807743703
Abigail D. Barnes,non.vestibulum@utmi.com,7808980994,7703381015
Tatyana H. Barlow,parturient.montes@eleifendnuncrisus.com,7808205693,7804789632
Phoebe Key,fermentum.metus.Aenean@loremluctus.org,7705870926,7803764469
Justin Lowery,risus.Donec.egestas@commodo.com,7702169560,7701238761
Cora Jarvis,Aliquam@egestas.edu,7704548528,7807333461
Holly K. Robinson,sit.amet.consectetuer@hendrerit.ca,7701417538,7804011957
Maile Barnes,nec.diam@velitPellentesque.org,7701216428,7703484102
Noel Rice,semper.erat.in@mattis.org,7809491521,7705725132
Judith Bradley,risus.Quisque@diamvelarcu.edu,7806691263,7801627026
Callie E. Hodge,Nullam@mitemporlorem.com,7804631138,7807677249
Paul W. Hodge,feugiat.non@Sed.net,7708334582,7808203341
Nomlanga Moon,urna.suscipit@apurusDuis.com,7703481060,7700303064
Macon H. Morse,dictum.Proin.eget@ascelerisquesed.edu,7806744535,7808561224
Randall L. Short,ac.facilisis@ligulaNullamfeugiat.com,7802177097,7704689308
Nigel Dennis,interdum.Curabitur.dictum@aliquam.ca,7706774003,7800609727
Elliott H. Frank,Curabitur.vel.lectus@Duismienim.ca,7708346620,7707683677
Forrest I. Allen,In.tincidunt@Aliquameratvolutpat.edu,7805943890,7702099560
Dolan D. Bright,vehicula.Pellentesque.tincidunt@ipsumPhasellusvitae.org,7801065446,7708780278
Emma P. Fletcher,sagittis.semper@Sednuncest.co.uk,7709405063,7708407391
Quinlan Branch,non@pedeNunc.co.uk,7703077136,7806442829
Darius Michael,convallis@lobortisultrices.co.uk,7804098893,7803428933
Julie Fowler,Ut.sagittis.lobortis@torquent.co.uk,7809630411,7704205513
Harlan Q. Jones,tempus.lorem.fringilla@ligulaNullamfeugiat.net,7705635266,7700000921
Linus J. Franks,vulputate.dui.nec@enimSuspendissealiquet.net,7805109040,7709360606
Mufutau Middleton,arcu.et.pede@ipsumdolor.org,7709883039,7708223559
Deanna G. Bates,eu@Crasvehiculaaliquet.ca,7807159709,7801787568
Bethany Spencer,lectus.sit.amet@Vivamusnon.org,7707631603,7704228318
William G. Gonzalez,risus.varius@morbi.net,7702737435,7801489155
Hilel Rollins,orci.consectetuer.euismod@neque.edu,7704165315,7709608342
Fuller Z. Graham,a.magna@semPellentesque.co.uk,7707069740,7800353186
Simone A. Gibbs,nec.imperdiet@orciconsectetuereuismod.edu,7709033191,7804640586
Freya Herman,malesuada@antedictumcursus.co.uk,7803305318,7801585320
Ann Morin,eros@interdum.co.uk,7803184323,7702934162
Kalia Bonner,Phasellus.ornare.Fusce@inconsectetuer.edu,7801024850,7801744181
Genevieve M. Boyer,arcu@nullaante.co.uk,7708447068,7706168234
Audrey Bender,orci@nuncQuisqueornare.com,7700069952,7701385631
Stone Pennington,Duis@infelis.co.uk,7700409263,7802916189
Rose Schmidt,justo.Proin@disparturient.net,7802156477,7705982224
Chandler J. Shelton,elit@ami.com,7700822239,7807052796
Noble Kent,Curae@ante.org,7808589009,7702230493
Matthew Pacheco,molestie.sodales.Mauris@adipiscing.co.uk,7800869224,7708055472
Myra Y. Gilmore,magna.et.ipsum@ligulaelit.net,7802345534,7808026498
Kristen Z. Bentley,consequat@congueIn.ca,7700611671,7805730106
Julian Z. Salinas,eget.dictum@ametmetusAliquam.co.uk,7705618893,7803192077
Magee N. Massey,volutpat.nunc@idante.com,7801804422,7805100873
Basil L. Guzman,amet.dapibus.id@Morbi.com,7801597854,7800728848
Paloma V. Curry,neque.Nullam@scelerisque.com,7802966011,7801657735
Deanna G. Bates,parturient@pedenonummy.edu,7703982544,7705868268
Brenna Flowers,lacus.Etiam.bibendum@massarutrummagna.co.uk,7804341273,7804829965
Shelby Shepherd,litora@urna.com,7701606476,7700239845
Yardley P. Ruiz,Vivamus.euismod.urna@Maecenasiaculisaliquet.edu,7806725932,7706201570
Kameko Jacobs,sem.mollis.dui@aliquam.edu,7701022535,7702274793
Cole Young,elit.pharetra@lobortis.ca,7708711307,7808658386
Gwendolyn Ruiz,auctor.vitae.aliquet@euelitNulla.com,7802905592,7808423836
Sebastian Pierce,Vivamus.sit.amet@lobortis.co.uk,7800224851,7707584589
Mollie Harrell,lacinia.Sed@ac.co.uk,7801480144,7801189265
Murphy W. Decker,vulputate.risus@lacusCras.ca,7805727654,7705517349
Jeremy Howard,gravida.Praesent.eu@acrisus.com,7807846297,7800712620
Sebastian Vivamus.sit.amet@lobortis.co.uk,7800224851,7707584589,
Alden Rollins,Ut@rutrumeu.co.uk,7807787598,7802731721
Reed R. Lawson,gravida.Aliquam.tincidunt@consectetuermauris.co.uk,7702925858,7805726331
Jael Wright,urna@urna.net,7806998530,7807751035
Reed H. Buckner,congue.turpis.In@vulputate.co.uk,7701064509,7708578308
Charlotte V. Gentry,dapibus.gravida.Aliquam@aneque.org,7808404232,7705452852
Teegan Glover,risus.Morbi.metus@tellusPhasellus.edu,7704309944,7801930728
Iola Huffman,ligula.Aenean.gravida@mattis.net,7702450157,7804607776
Sebastian Pierc,Vivamus.sit.amet@lobortis.co.uk,7800224851,7707584589
Kyra Price,amet@sitametornare.net,7806649674,7800262062
Randall Levy,Sed.pharetra.felis@Aliquam.co.uk,7800995296,7708178836
Brennan Ramsey,eget.venenatis@lacus.edu,7802356788,7808053656
Kaye Bryant,luctus.ipsum.leo@semper.co.uk,7806457504,7704582562
Giselle R. Montgomery,non.lorem.vitae@tellus.org,7708553718,7709238162
Zane Dunn,per.inceptos.hymenaeos@egetdictumplacerat.org,7707590214,7701658061
Murphy Dalton,eu.arcu.Morbi@Cras.com,7703020772,7800641448
Bruce M. Pearson,risus.at.fringilla@aliquamenimnec.org,7807718019,7800243686
Cameron Burt,Duis.mi@loremvitaeodio.co.uk,7705454672,7806309097
Beau S. Howe,est.ac.facilisis@acnulla.co.uk,7708859729,7808254769
